date,actual,mean,naive,seasonal_naive_daily,seasonal_naive_weekly,drift,sarimax,feature_model,foundation_model
2016-05-13 19:00:00,208.33333333333334,97.46163394267658,348.3333333333333,123.33333333333333,126.66666666666667,348.432667343944,217.9917625197156,205.6806946985914,123.8471
2016-05-13 20:00:00,120.0,97.46163394267658,348.3333333333333,100.0,116.66666666666667,348.53200135455467,183.06009976104238,201.44202359332607,109.82022
2016-05-13 21:00:00,63.333333333333336,97.46163394267658,348.3333333333333,71.66666666666667,71.66666666666667,348.63133536516534,136.25173527239738,123.23064542386945,78.34526
2016-05-13 22:00:00,55.0,97.46163394267658,348.3333333333333,60.0,53.333333333333336,348.730669375776,109.97778538328056,63.5908905078261,59.1866
2016-05-13 23:00:00,61.666666666666664,97.46163394267658,348.3333333333333,56.666666666666664,58.333333333333336,348.8300033863867,93.9061338849445,52.09557213547277,59.1866
2016-05-14 00:00:00,58.333333333333336,97.46163394267658,348.3333333333333,55.0,51.666666666666664,348.92933739699737,82.32858985180324,48.817126106050104,56.791763
2016-05-14 01:00:00,63.333333333333336,97.46163394267658,348.3333333333333,53.333333333333336,56.666666666666664,349.02867140760804,74.96884705577267,55.00274310628729,57.476
2016-05-14 02:00:00,60.0,97.46163394267658,348.3333333333333,58.333333333333336,53.333333333333336,349.1280054182187,69.02960543302376,53.8712172466846,56.791763
2016-05-14 03:00:00,60.0,97.46163394267658,348.3333333333333,58.333333333333336,55.0,349.2273394288294,64.88032630208004,58.830238209630906,56.791763
2016-05-14 04:00:00,60.0,97.46163394267658,348.3333333333333,50.0,55.0,349.32667343944007,64.00698739870052,66.14244810922138,58.16024
2016-05-14 05:00:00,56.666666666666664,97.46163394267658,348.3333333333333,58.333333333333336,51.666666666666664,349.4260074500508,71.26440601473395,74.45635692077481,57.476
2016-05-14 06:00:00,63.333333333333336,97.46163394267658,348.3333333333333,146.66666666666666,53.333333333333336,349.5253414606615,81.01957940244309,95.5316435039939,58.16024
2016-05-14 07:00:00,113.33333333333333,97.46163394267658,348.3333333333333,176.66666666666666,148.33333333333334,349.62467547127216,107.57156409254083,124.76072389922884,62.949905
2016-05-14 08:00:00,133.33333333333334,97.46163394267658,348.3333333333333,338.3333333333333,121.66666666666667,349.72400948188283,124.89763403151645,180.2627601689301,72.52924
2016-05-14 09:00:00,118.33333333333333,97.46163394267658,348.3333333333333,93.33333333333333,153.33333333333334,349.8233434924935,109.24848930430045,169.21708503529882,97.50394
2016-05-14 10:00:00,158.33333333333334,97.46163394267658,348.3333333333333,73.33333333333333,178.33333333333334,349.9226775031042,116.04685315817684,148.31477769605928,96.13546
2016-05-14 11:00:00,96.66666666666667,97.46163394267658,348.3333333333333,355.0,161.66666666666666,350.02201151371486,125.20299801338804,154.66748961017467,96.13546
2016-05-14 12:00:00,116.66666666666667,97.46163394267658,348.3333333333333,301.6666666666667,86.66666666666667,350.12134552432553,119.61907018655226,154.26579429731055,84.84552
2016-05-14 13:00:00,113.33333333333333,97.46163394267658,348.3333333333333,268.3333333333333,75.0,350.2206795349362,113.91918220251723,157.3074273535223,84.84553
2016-05-14 14:00:00,106.66666666666667,97.46163394267658,348.3333333333333,318.3333333333333,88.33333333333333,350.3200135455469,109.90835409735088,150.506816391666,79.02951
2016-05-14 15:00:00,130.0,97.46163394267658,348.3333333333333,201.66666666666666,103.33333333333333,350.41934755615756,102.9532494239769,111.5497560690142,80.7401
2016-05-14 16:00:00,111.66666666666667,97.46163394267658,348.3333333333333,351.6666666666667,91.66666666666667,350.51868156676824,135.45121581159916,137.25529869436969,85.87189
2016-05-14 17:00:00,241.66666666666666,97.46163394267658,348.3333333333333,231.66666666666666,83.33333333333333,350.6180155773789,188.2254814021502,153.8625721735977,81.42434
2016-05-14 18:00:00,166.66666666666666,97.46163394267658,348.3333333333333,348.3333333333333,285.0,350.7173495879896,186.79915968995692,189.71121332848298,94.766975
2016-05-14 19:00:00,90.0,97.46163394267658,348.3333333333333,123.33333333333333,120.0,350.81668359860026,131.86277106131058,177.08664711665492,91.00368
2016-05-14 20:00:00,86.66666666666667,97.46163394267658,348.3333333333333,100.0,86.66666666666667,350.91601760921094,114.88469926383307,124.6980829206706,88.266716
2016-05-14 21:00:00,75.0,97.46163394267658,348.3333333333333,71.66666666666667,56.666666666666664,351.0153516198216,80.27068506953306,65.51246737111202,75.950424
2016-05-14 22:00:00,61.666666666666664,97.46163394267658,348.3333333333333,60.0,58.333333333333336,351.1146856304323,65.18100728182694,60.93943355912902,65.002625
2016-05-14 23:00:00,48.333333333333336,97.46163394267658,348.3333333333333,56.666666666666664,56.666666666666664,351.21401964104297,56.53350332934349,62.97439257389974,57.476
2016-05-15 00:00:00,53.333333333333336,97.46163394267658,348.3333333333333,55.0,58.333333333333336,351.31335365165364,53.32742708523391,59.76518146634799,56.791763
2016-05-15 01:00:00,55.0,97.46163394267658,348.3333333333333,53.333333333333336,51.666666666666664,351.4126876622643,53.09127468512766,56.95762547662632,58.16024
2016-05-15 02:00:00,51.666666666666664,97.46163394267658,348.3333333333333,58.333333333333336,55.0,351.51202167287505,52.14220311350459,52.686861750520166,57.476
2016-05-15 03:00:00,40.0,97.46163394267658,348.3333333333333,58.333333333333336,56.666666666666664,351.6113556834857,51.046763648483065,54.81485328055293,58.16024
2016-05-15 04:00:00,51.666666666666664,97.46163394267658,348.3333333333333,50.0,50.0,351.7106896940964,51.71195760459261,59.73614351974269,56.791763
2016-05-15 05:00:00,56.666666666666664,97.46163394267658,348.3333333333333,58.333333333333336,56.666666666666664,351.8100237047071,61.55553828478078,62.90538642271025,56.791763
2016-05-15 06:00:00,51.666666666666664,97.46163394267658,348.3333333333333,146.66666666666666,50.0,351.90935771531775,71.07363595770762,64.374407529006,57.476
2016-05-15 07:00:00,93.33333333333333,97.46163394267658,348.3333333333333,176.66666666666666,60.0,352.00869172592843,99.07622760812505,77.08492937729685,63.634144
2016-05-15 08:00:00,118.33333333333333,97.46163394267658,348.3333333333333,338.3333333333333,183.33333333333334,352.1080257365391,116.76221773729836,166.4928340042453,65.00262
2016-05-15 09:00:00,101.66666666666667,97.46163394267658,348.3333333333333,93.33333333333333,143.33333333333334,352.2073597471498,107.71236495400697,152.114609085218,67.39746
2016-05-15 10:00:00,108.33333333333333,97.46163394267658,348.3333333333333,73.33333333333333,135.0,352.30669375776046,115.42706048697575,159.32304751096905,79.02951
2016-05-15 11:00:00,105.0,97.46163394267658,348.3333333333333,355.0,50.0,352.40602776837113,120.50040576503757,128.67056967908547,75.26619
2016-05-15 12:00:00,96.66666666666667,97.46163394267658,348.3333333333333,301.6666666666667,56.666666666666664,352.5053617789818,114.45601205723935,93.503331675924,76.634674
2016-05-15 13:00:00,136.66666666666666,97.46163394267658,348.3333333333333,268.3333333333333,56.666666666666664,352.6046957895925,108.0623354426753,83.13614288020717,74.23984
2016-05-15 14:00:00,88.33333333333333,97.46163394267658,348.3333333333333,318.3333333333333,56.666666666666664,352.70402980020316,103.08767443954443,100.08515778898862,73.21348
2016-05-15 15:00:00,93.33333333333333,97.46163394267658,348.3333333333333,201.66666666666666,50.0,352.80336381081383,96.53829224243488,109.93505547144844,73.5556
2016-05-15 16:00:00,143.33333333333334,97.46163394267658,348.3333333333333,351.6666666666667,55.0,352.9026978214245,125.14508570564387,166.61690776904314,78.34526
2016-05-15 17:00:00,236.66666666666666,97.46163394267658,348.3333333333333,231.66666666666666,56.666666666666664,353.0020318320352,182.27232966895411,192.68041896440434,86.89824
2016-05-15 18:00:00,98.33333333333333,97.46163394267658,348.3333333333333,348.3333333333333,50.0,353.10136584264586,181.91986887048498,229.62199892776644,85.87189
2016-05-15 19:00:00,96.66666666666667,97.46163394267658,348.3333333333333,123.33333333333333,60.0,353.20069985325654,131.17921306708928,138.92024949215045,80.7401
2016-05-15 20:00:00,246.66666666666666,97.46163394267658,348.3333333333333,100.0,78.33333333333333,353.3000338638672,115.2062730872867,109.99385347208248,88.266716
2016-05-15 21:00:00,203.33333333333334,97.46163394267658,348.3333333333333,71.66666666666667,63.333333333333336,353.3993678744779,77.10952037719169,121.83691426232713,74.23984
2016-05-15 22:00:00,86.66666666666667,97.46163394267658,348.3333333333333,60.0,58.333333333333336,353.49870188508856,59.89801437221615,122.59190078399054,62.607788
2016-05-15 23:00:00,83.33333333333333,97.46163394267658,348.3333333333333,56.666666666666664,53.333333333333336,353.5980358956993,52.68608376499844,92.22168352040882,57.476
2016-05-16 00:00:00,61.666666666666664,97.46163394267658,348.3333333333333,55.0,55.0,353.69736990631,50.64973390367216,68.17852546551562,57.476
2016-05-16 01:00:00,53.333333333333336,97.46163394267658,348.3333333333333,53.333333333333336,58.333333333333336,353.79670391692065,50.369661620844,55.340789820429634,56.791763
2016-05-16 02:00:00,56.666666666666664,97.46163394267658,348.3333333333333,58.333333333333336,55.0,353.8960379275313,49.61114989112875,55.13383794392286,57.476
2016-05-16 03:00:00,53.333333333333336,97.46163394267658,348.3333333333333,58.333333333333336,53.333333333333336,353.995371938142,49.036288383918006,54.3023865506548,57.476
2016-05-16 04:00:00,55.0,97.46163394267658,348.3333333333333,50.0,56.666666666666664,354.0947059487527,49.46665465915831,55.218502222165434,56.791763
2016-05-16 05:00:00,51.666666666666664,97.46163394267658,348.3333333333333,58.333333333333336,65.0,354.19403995936335,57.83593538942574,68.66613758372807,58.16024
2016-05-16 06:00:00,53.333333333333336,97.46163394267658,348.3333333333333,146.66666666666666,55.0,354.293373969974,67.0745586080152,57.670782556478315,63.292023
2016-05-16 07:00:00,61.666666666666664,97.46163394267658,348.3333333333333,176.66666666666666,56.666666666666664,354.3927079805847,96.41256465447675,82.44307549828585,63.292023
2016-05-16 08:00:00,88.33333333333333,97.46163394267658,348.3333333333333,338.3333333333333,61.666666666666664,354.4920419911954,114.5074818802105,104.6891730155452,60.21296
2016-05-16 09:00:00,70.0,97.46163394267658,348.3333333333333,93.33333333333333,66.66666666666667,354.59137600180605,105.751941953799,118.23760864903772,60.897194
2016-05-16 10:00:00,148.33333333333334,97.46163394267658,348.3333333333333,73.33333333333333,55.0,354.69071001241673,114.30740272535563,140.87444987903336,59.1866
2016-05-16 11:00:00,103.33333333333333,97.46163394267658,348.3333333333333,355.0,61.666666666666664,354.7900440230274,119.3264007730552,128.01613133881565,58.065544
2016-05-16 12:00:00,206.66666666666666,97.46163394267658,348.3333333333333,301.6666666666667,135.0,354.8893780336381,112.76977180617722,170.42265738693678,60.00106
2016-05-16 13:00:00,266.6666666666667,97.46163394267658,348.3333333333333,268.3333333333333,173.33333333333334,354.98871204424876,106.77496661366578,114.70834112034403,58.710716
2016-05-16 14:00:00,88.33333333333333,97.46163394267658,348.3333333333333,318.3333333333333,88.33333333333333,355.08804605485943,102.8301156148068,216.56591121677883,60.00106
2016-05-16 15:00:00,111.66666666666667,97.46163394267658,348.3333333333333,201.66666666666666,70.0,355.1873800654701,97.55675865428806,191.25002447736583,60.646233
2016-05-16 16:00:00,88.33333333333333,97.46163394267658,348.3333333333333,351.6666666666667,78.33333333333333,355.2867140760808,125.24600160029145,144.03844336190633,65.80762
2016-05-16 17:00:00,243.33333333333334,97.46163394267658,348.3333333333333,231.66666666666666,268.3333333333333,355.38604808669146,177.44390421666736,125.70349515060349,76.13038
2016-05-16 18:00:00,155.0,97.46163394267658,348.3333333333333,348.3333333333333,120.0,355.48538209730214,171.9816590399932,154.94069567172062,88.38866
2016-05-16 19:00:00,115.0,97.46163394267658,348.3333333333333,123.33333333333333,110.0,355.5847161079128,119.5909339066013,130.97035915009613,86.77573
2016-05-16 20:00:00,96.66666666666667,97.46163394267658,348.3333333333333,100.0,95.0,355.6840501185235,106.56763684426835,151.10349711901546,85.80797
2016-05-16 21:00:00,68.33333333333333,97.46163394267658,348.3333333333333,71.66666666666667,71.66666666666667,355.7833841291342,74.47717528858956,103.56109333654523,73.2271
2016-05-16 22:00:00,46.666666666666664,97.46163394267658,348.3333333333333,60.0,71.66666666666667,355.8827181397449,60.29990075981654,85.91880405735247,61.936577
2016-05-16 23:00:00,60.0,97.46163394267658,348.3333333333333,56.666666666666664,60.0,355.98205215035557,54.818315220239526,83.41576210197505,56.7752
2016-05-17 00:00:00,50.0,97.46163394267658,348.3333333333333,55.0,51.666666666666664,356.08138616096625,53.12594557962339,54.3565726842242,56.7752
2016-05-17 01:00:00,55.0,97.46163394267658,348.3333333333333,53.333333333333336,55.0,356.1807201715769,52.83320077028857,53.386965840943105,56.7752
2016-05-17 02:00:00,51.666666666666664,97.46163394267658,348.3333333333333,58.333333333333336,56.666666666666664,356.2800541821876,52.13390174435045,53.34085696292723,56.7752
2016-05-17 03:00:00,53.333333333333336,97.46163394267658,348.3333333333333,58.333333333333336,56.666666666666664,356.3793881927983,51.713862210114925,58.243804768505804,56.7752
2016-05-17 04:00:00,53.333333333333336,97.46163394267658,348.3333333333333,50.0,50.0,356.47872220340895,51.50175850208886,54.89880336637635,56.7752
2016-05-17 05:00:00,58.333333333333336,97.46163394267658,348.3333333333333,58.333333333333336,71.66666666666667,356.5780562140196,60.33173403651186,60.17710433963011,58.065544
2016-05-17 06:00:00,56.666666666666664,97.46163394267658,348.3333333333333,146.66666666666666,63.333333333333336,356.6773902246303,70.84940593469314,61.766643528756134,59.678474
2016-05-17 07:00:00,65.0,97.46163394267658,348.3333333333333,176.66666666666666,60.0,356.776724235241,99.86360818557854,68.85533018615769,61.291405
2016-05-17 08:00:00,56.666666666666664,97.46163394267658,348.3333333333333,338.3333333333333,56.666666666666664,356.87605824585165,116.58320151183017,97.15466840474232,59.678474
2016-05-17 09:00:00,51.666666666666664,97.46163394267658,348.3333333333333,93.33333333333333,55.0,356.9753922564623,107.29889951538988,68.09562213943973,58.38813
2016-05-17 10:00:00,53.333333333333336,97.46163394267658,348.3333333333333,73.33333333333333,53.333333333333336,357.074726267073,116.34100154764245,66.2440994753306,58.065544
2016-05-17 11:00:00,51.666666666666664,97.46163394267658,348.3333333333333,355.0,56.666666666666664,357.1740602776837,122.2697024751128,71.93839248907186,58.065544
2016-05-17 12:00:00,53.333333333333336,97.46163394267658,348.3333333333333,301.6666666666667,58.333333333333336,357.27339428829436,114.49977410184263,71.28948040964389,58.065544
2016-05-17 13:00:00,41.666666666666664,97.46163394267658,348.3333333333333,268.3333333333333,53.333333333333336,357.37272829890503,108.98644151021229,77.52970132966483,58.065544
2016-05-17 14:00:00,53.333333333333336,97.46163394267658,348.3333333333333,318.3333333333333,53.333333333333336,357.4720623095157,108.71853562313657,57.138673557493114,60.00106
2016-05-17 15:00:00,51.666666666666664,97.46163394267658,348.3333333333333,201.66666666666666,56.666666666666664,357.5713963201264,105.05399433991141,59.46623261864694,61.93658
2016-05-17 16:00:00,66.66666666666667,97.46163394267658,348.3333333333333,351.6666666666667,63.333333333333336,357.67073033073706,134.62048346184577,74.45511247169439,73.54968
2016-05-17 17:00:00,153.33333333333334,97.46163394267658,348.3333333333333,231.66666666666666,126.66666666666667,357.77006434134773,190.11384200525566,139.66018095654488,87.09831
2016-05-17 18:00:00,100.0,97.46163394267658,348.3333333333333,348.3333333333333,101.66666666666667,357.86939835195847,184.81932483261573,181.0506009285326,88.38866
2016-05-17 19:00:00,123.33333333333333,97.46163394267658,348.3333333333333,123.33333333333333,105.0,357.96873236256914,131.1858000617458,139.74459266991576,87.743484
2016-05-17 20:00:00,118.33333333333333,97.46163394267658,348.3333333333333,100.0,95.0,358.0680663731798,115.1098106738209,88.17395876464366,88.38866
2016-05-17 21:00:00,65.0,97.46163394267658,348.3333333333333,71.66666666666667,68.33333333333333,358.1674003837905,79.65834419559148,74.87154486197991,72.90451
2016-05-17 22:00:00,46.666666666666664,97.46163394267658,348.3333333333333,60.0,58.333333333333336,358.26673439440117,64.44230278534953,54.97191581339059,61.291405
2016-05-17 23:00:00,55.0,97.46163394267658,348.3333333333333,56.666666666666664,56.666666666666664,358.36606840501184,56.255840782954294,48.463822637597126,56.7752
2016-05-18 00:00:00,51.666666666666664,97.46163394267658,348.3333333333333,55.0,51.666666666666664,358.4654024156225,53.756002018997705,52.574032565978456,56.7752
2016-05-18 01:00:00,53.333333333333336,97.46163394267658,348.3333333333333,53.333333333333336,56.666666666666664,358.5647364262332,53.749376465487344,48.95535690305234,56.7752
2016-05-18 02:00:00,55.0,97.46163394267658,348.3333333333333,58.333333333333336,56.666666666666664,358.6640704368439,53.108787147459836,51.617480209317705,56.7752
2016-05-18 03:00:00,51.666666666666664,97.46163394267658,348.3333333333333,58.333333333333336,53.333333333333336,358.76340444745455,51.62369615197011,50.13222409790714,56.7752
2016-05-18 04:00:00,51.666666666666664,97.46163394267658,348.3333333333333,50.0,51.666666666666664,358.8627384580652,52.183954199540366,55.669669307091795,57.742958
2016-05-18 05:00:00,65.0,97.46163394267658,348.3333333333333,58.333333333333336,68.33333333333333,358.9620724686759,60.9916597674013,70.28962869629135,60.00106
2016-05-18 06:00:00,70.0,97.46163394267658,348.3333333333333,146.66666666666666,110.0,359.0614064792866,70.65674519512149,69.01779890136739,61.291405
2016-05-18 07:00:00,53.333333333333336,97.46163394267658,348.3333333333333,176.66666666666666,76.66666666666667,359.16074048989725,99.82945360723537,106.82721058640487,61.291405
2016-05-18 08:00:00,61.666666666666664,97.46163394267658,348.3333333333333,338.3333333333333,161.66666666666666,359.2600745005079,117.95651852841111,74.47443441155963,60.00106
2016-05-18 09:00:00,65.0,97.46163394267658,348.3333333333333,93.33333333333333,65.0,359.3594085111186,108.8479845848492,80.10234720481375,58.065544
2016-05-18 10:00:00,58.333333333333336,97.46163394267658,348.3333333333333,73.33333333333333,63.333333333333336,359.4587425217293,117.28171829641752,68.28257515651889,58.065544
2016-05-18 11:00:00,70.0,97.46163394267658,348.3333333333333,355.0,55.0,359.55807653233995,124.21230328969928,61.524415398017894,58.065544
2016-05-18 12:00:00,56.666666666666664,97.46163394267658,348.3333333333333,301.6666666666667,56.666666666666664,359.65741054295063,117.51204491007802,76.78118024281888,56.7752
2016-05-18 13:00:00,86.66666666666667,97.46163394267658,348.3333333333333,268.3333333333333,73.33333333333333,359.7567445535613,111.69995755079944,59.946821508500975,58.065544
2016-05-18 14:00:00,81.66666666666667,97.46163394267658,348.3333333333333,318.3333333333333,80.0,359.856078564172,110.26365230775012,74.2670285699549,58.065544
2016-05-18 15:00:00,83.33333333333333,97.46163394267658,348.3333333333333,201.66666666666666,76.66666666666667,359.9554125747827,103.61415669518748,82.04384201335678,60.00106
2016-05-18 16:00:00,105.0,97.46163394267658,348.3333333333333,351.6666666666667,75.0,360.0547465853934,131.46444174812723,92.41746747894075,70.64641
2016-05-18 17:00:00,118.33333333333333,97.46163394267658,348.3333333333333,231.66666666666666,91.66666666666667,360.15408059600406,189.37618206538377,141.87044605302324,88.38866
2016-05-18 18:00:00,178.33333333333334,97.46163394267658,348.3333333333333,348.3333333333333,101.66666666666667,360.25341460661474,186.34720349384722,177.70006202107112,90.32417
2016-05-18 19:00:00,143.33333333333334,97.46163394267658,348.3333333333333,123.33333333333333,95.0,360.3527486172254,132.72051074120975,184.26279458831388,88.38866
2016-05-18 20:00:00,223.33333333333334,97.46163394267658,348.3333333333333,100.0,85.0,360.4520826278361,116.3720816939078,141.8123947496417,88.38866
2016-05-18 21:00:00,81.66666666666667,97.46163394267658,348.3333333333333,71.66666666666667,61.666666666666664,360.55141663844677,79.81210758484369,122.63425572250252,74.840034
2016-05-18 22:00:00,51.666666666666664,97.46163394267658,348.3333333333333,60.0,55.0,360.65075064905744,62.59805010198109,68.2593606041105,60.00106
2016-05-18 23:00:00,56.666666666666664,97.46163394267658,348.3333333333333,56.666666666666664,56.666666666666664,360.7500846596681,55.08419728575791,61.710559016194786,58.065544
2016-05-19 00:00:00,51.666666666666664,97.46163394267658,348.3333333333333,55.0,56.666666666666664,360.8494186702788,53.46831726555381,54.282987647872716,56.7752
2016-05-19 01:00:00,51.666666666666664,97.46163394267658,348.3333333333333,53.333333333333336,56.666666666666664,360.94875268088947,53.00481363031295,52.42328235320909,56.7752
2016-05-19 02:00:00,50.0,97.46163394267658,348.3333333333333,58.333333333333336,56.666666666666664,361.04808669150015,51.247553245376906,53.34117585053159,58.065544
2016-05-19 03:00:00,51.666666666666664,97.46163394267658,348.3333333333333,58.333333333333336,50.0,361.1474207021108,50.368081579587994,54.670891510353826,56.64205
2016-05-19 04:00:00,56.666666666666664,97.46163394267658,348.3333333333333,50.0,56.666666666666664,361.2467547127215,51.1115594574937,57.0070065745563,57.914906
2016-05-19 05:00:00,55.0,97.46163394267658,348.3333333333333,58.333333333333336,61.666666666666664,361.3460887233322,60.13203916316989,57.74681112965263,59.82419
2016-05-19 06:00:00,58.333333333333336,97.46163394267658,348.3333333333333,146.66666666666666,48.333333333333336,361.44542273394285,69.48064759113014,60.06386978452624,61.733475
2016-05-19 07:00:00,50.0,97.46163394267658,348.3333333333333,176.66666666666666,58.333333333333336,361.5447567445535,97.59080766715307,60.21022151575335,61.733475
2016-05-19 08:00:00,53.333333333333336,97.46163394267658,348.3333333333333,338.3333333333333,51.666666666666664,361.6440907551642,114.3991264987975,65.4750571752444,59.82419
2016-05-19 09:00:00,36.666666666666664,97.46163394267658,348.3333333333333,93.33333333333333,48.333333333333336,361.7434247657749,105.2097002057069,56.50107291549158,59.505974
2016-05-19 10:00:00,55.0,97.46163394267658,348.3333333333333,73.33333333333333,58.333333333333336,361.84275877638555,114.02908114637437,48.737610811003094,57.914906
2016-05-19 11:00:00,51.666666666666664,97.46163394267658,348.3333333333333,355.0,50.0,361.9420927869962,119.81960557607003,48.72213547747033,57.914906
2016-05-19 12:00:00,55.0,97.46163394267658,348.3333333333333,301.6666666666667,55.0,362.04142679760696,112.12756950243705,53.34793002184764,57.914906
2016-05-19 13:00:00,50.0,97.46163394267658,348.3333333333333,268.3333333333333,56.666666666666664,362.14076080821764,103.31935157576898,54.75344034750945,57.914906
2016-05-19 14:00:00,63.333333333333336,97.46163394267658,348.3333333333333,318.3333333333333,56.666666666666664,362.2400948188283,96.91224069139385,53.613705051837044,59.82419
2016-05-19 15:00:00,81.66666666666667,97.46163394267658,348.3333333333333,201.66666666666666,68.33333333333333,362.339428829439,93.4597700519248,79.07397772115694,59.82419
2016-05-19 16:00:00,90.0,97.46163394267658,348.3333333333333,351.6666666666667,118.33333333333333,362.43876284004966,124.91369681089232,91.5913574440192,68.09775
2016-05-19 17:00:00,208.33333333333334,97.46163394267658,348.3333333333333,231.66666666666666,208.33333333333334,362.53809685066034,177.19136819959013,143.91543399173293,88.463425
2016-05-19 18:00:00,120.0,97.46163394267658,348.3333333333333,348.3333333333333,105.0,362.637430861271,173.01258901578234,123.4545172187749,88.463425
2016-05-19 19:00:00,98.33333333333333,97.46163394267658,348.3333333333333,123.33333333333333,123.33333333333333,362.7367648718817,123.08424348092069,137.92194214168703,88.463425
2016-05-19 20:00:00,118.33333333333333,97.46163394267658,348.3333333333333,100.0,100.0,362.83609888249237,113.02504375271504,125.41294949924068,88.463425
2016-05-19 21:00:00,66.66666666666667,97.46163394267658,348.3333333333333,71.66666666666667,71.66666666666667,362.93543289310304,79.14695485254124,93.97218669024991,73.8256
2016-05-19 22:00:00,50.0,97.46163394267658,348.3333333333333,60.0,60.0,363.0347669037137,63.65374889088301,62.50608743688282,61.733475
2016-05-19 23:00:00,56.666666666666664,97.46163394267658,348.3333333333333,56.666666666666664,56.666666666666664,363.1341009143244,56.85169461562158,53.56180226625897,57.914906
2016-05-20 00:00:00,51.666666666666664,97.46163394267658,348.3333333333333,55.0,55.0,363.23343492493507,54.522739262714026,53.24945362238138,56.64205
2016-05-20 01:00:00,51.666666666666664,97.46163394267658,348.3333333333333,53.333333333333336,53.333333333333336,363.33276893554574,54.95412867190046,50.92874392700611,56.64205
2016-05-20 02:00:00,36.666666666666664,97.46163394267658,348.3333333333333,58.333333333333336,58.333333333333336,363.4321029461564,54.06280727057461,52.52983954988324,56.64205
2016-05-20 03:00:00,58.333333333333336,97.46163394267658,348.3333333333333,58.333333333333336,58.333333333333336,363.5314369567671,53.55084847278266,52.23909803954632,56.64205
2016-05-20 04:00:00,51.666666666666664,97.46163394267658,348.3333333333333,50.0,50.0,363.63077096737777,55.32754677138436,62.176521282466766,57.914906
2016-05-20 05:00:00,61.666666666666664,97.46163394267658,348.3333333333333,58.333333333333336,58.333333333333336,363.73010497798845,64.35738759514994,83.87965640903342,59.82419
2016-05-20 06:00:00,66.66666666666667,97.46163394267658,348.3333333333333,146.66666666666666,146.66666666666666,363.8294389885991,73.4269414871051,107.16388875490837,61.097042
2016-05-20 07:00:00,80.0,97.46163394267658,348.3333333333333,176.66666666666666,176.66666666666666,363.9287729992098,102.03760996956572,137.74843313210937,61.733475
2016-05-20 08:00:00,126.66666666666667,97.46163394267658,348.3333333333333,338.3333333333333,338.3333333333333,364.0281070098205,118.42226638929398,216.04470920763848,59.82419
2016-05-20 09:00:00,73.33333333333333,97.46163394267658,348.3333333333333,93.33333333333333,93.33333333333333,364.1274410204312,108.76721000150985,142.7918690884287,57.914906
2016-05-20 10:00:00,81.66666666666667,97.46163394267658,348.3333333333333,73.33333333333333,73.33333333333333,364.2267750310419,117.76468390878505,184.3818783643768,57.914906
2016-05-20 11:00:00,73.33333333333333,97.46163394267658,348.3333333333333,355.0,355.0,364.32610904165256,123.01072335805611,223.5704549132376,57.914906
2016-05-20 12:00:00,71.66666666666667,97.46163394267658,348.3333333333333,301.6666666666667,301.6666666666667,364.42544305226323,117.50032610317982,207.13797446929067,57.914906
2016-05-20 13:00:00,61.666666666666664,97.46163394267658,348.3333333333333,268.3333333333333,268.3333333333333,364.5247770628739,114.12871685071029,125.8068910303679,57.914906
2016-05-20 14:00:00,60.0,97.46163394267658,348.3333333333333,318.3333333333333,318.3333333333333,364.6241110734846,112.10921318213653,81.79079125596837,57.914906
2016-05-20 15:00:00,46.666666666666664,97.46163394267658,348.3333333333333,201.66666666666666,201.66666666666666,364.72344508409526,107.12680340810002,77.31700187601768,58.551334
2016-05-20 16:00:00,48.333333333333336,97.46163394267658,348.3333333333333,351.6666666666667,351.6666666666667,364.82277909470594,135.91007364052007,77.71673411795771,66.18846
2016-05-20 17:00:00,75.0,97.46163394267658,348.3333333333333,231.66666666666666,231.66666666666666,364.9221131053166,190.07160928380745,94.06264479637994,85.917725
2016-05-20 18:00:00,78.33333333333333,97.46163394267658,348.3333333333333,348.3333333333333,348.3333333333333,365.0214471159273,183.22443871612785,170.5258021861153,88.463425
2016-05-20 19:00:00,65.0,97.46163394267658,348.3333333333333,123.33333333333333,126.66666666666667,365.12078112653796,128.52009043241267,130.54662171611338,88.463425
2016-05-20 20:00:00,70.0,97.46163394267658,348.3333333333333,100.0,116.66666666666667,365.22011513714864,112.17916953733658,95.23983820476539,87.190575
2016-05-20 21:00:00,65.0,97.46163394267658,348.3333333333333,71.66666666666667,71.66666666666667,365.3194491477593,77.140755979588,78.31944090484741,73.18917
2016-05-20 22:00:00,53.333333333333336,97.46163394267658,348.3333333333333,60.0,53.333333333333336,365.41878315837,62.29777758370271,61.99558363514795,61.41526
2016-05-20 23:00:00,45.0,97.46163394267658,348.3333333333333,56.666666666666664,58.333333333333336,365.51811716898067,55.59494268219234,65.98450793357655,57.914906
2016-05-21 00:00:00,48.333333333333336,97.46163394267658,348.3333333333333,55.0,51.666666666666664,365.61745117959134,54.46198466163308,60.23499924618233,56.64205
2016-05-21 01:00:00,51.666666666666664,97.46163394267658,348.3333333333333,53.333333333333336,56.666666666666664,365.716785190202,55.66166480808921,71.68322353093075,56.64205
2016-05-21 02:00:00,56.666666666666664,97.46163394267658,348.3333333333333,58.333333333333336,53.333333333333336,365.8161192008127,55.132807745842314,64.36418204558899,56.64205
2016-05-21 03:00:00,48.333333333333336,97.46163394267658,348.3333333333333,58.333333333333336,55.0,365.91545321142337,54.53582565335556,70.72066300221648,56.64205
2016-05-21 04:00:00,56.666666666666664,97.46163394267658,348.3333333333333,50.0,55.0,366.01478722203404,54.75705239073571,70.07437240028499,56.64205
2016-05-21 05:00:00,51.666666666666664,97.46163394267658,348.3333333333333,58.333333333333336,51.666666666666664,366.1141212326447,63.64310802274541,64.23318777856728,57.914906
2016-05-21 06:00:00,60.0,97.46163394267658,348.3333333333333,146.66666666666666,53.333333333333336,366.21345524325545,74.26977148857239,90.11235927072686,59.18776
2016-05-21 07:00:00,56.666666666666664,97.46163394267658,348.3333333333333,176.66666666666666,148.33333333333334,366.31278925386613,102.47749918711379,103.17997567333731,61.733475
2016-05-21 08:00:00,208.33333333333334,97.46163394267658,348.3333333333333,338.3333333333333,121.66666666666667,366.4121232644768,118.86903994779243,83.37715210381974,63.324543
2016-05-21 09:00:00,310.0,97.46163394267658,348.3333333333333,93.33333333333333,153.33333333333334,366.5114572750875,109.67731054409975,182.73730656996779,71.279884
2016-05-21 10:00:00,383.3333333333333,97.46163394267658,348.3333333333333,73.33333333333333,178.33333333333334,366.61079128569816,118.33977929102903,277.92355870751396,72.23453
2016-05-21 11:00:00,431.6666666666667,97.46163394267658,348.3333333333333,355.0,161.66666666666666,366.71012529630883,123.8705689903511,273.9240345190227,71.5981
2016-05-21 12:00:00,228.33333333333334,97.46163394267658,348.3333333333333,301.6666666666667,86.66666666666667,366.8094593069195,117.9290525268086,290.5820851878883,70.007034
2016-05-21 13:00:00,343.3333333333333,97.46163394267658,348.3333333333333,268.3333333333333,75.0,366.9087933175302,112.30228749656466,344.2564743655279,71.5981
2016-05-21 14:00:00,303.3333333333333,97.46163394267658,348.3333333333333,318.3333333333333,88.33333333333333,367.00812732814086,108.1236616300866,289.5423132244809,72.55274
2016-05-21 15:00:00,361.6666666666667,97.46163394267658,348.3333333333333,201.66666666666666,103.33333333333333,367.10746133875153,101.2128162144689,245.85925402668596,73.18917
2016-05-21 16:00:00,100.0,97.46163394267658,348.3333333333333,351.6666666666667,91.66666666666667,367.2067953493622,128.66113856024725,275.65457868019155,74.780235
2016-05-21 17:00:00,95.0,97.46163394267658,348.3333333333333,231.66666666666666,83.33333333333333,367.3061293599729,184.98950413169928,192.65135427778523,78.28059
2016-05-21 18:00:00,125.0,97.46163394267658,348.3333333333333,348.3333333333333,285.0,367.40546337058356,182.0849416196051,185.78558096540982,87.190575
2016-05-21 19:00:00,108.33333333333333,97.46163394267658,348.3333333333333,123.33333333333333,120.0,367.50479738119424,130.0995276718996,156.31208901680805,88.53306
2016-05-21 20:00:00,95.0,97.46163394267658,348.3333333333333,100.0,86.66666666666667,367.6041313918049,114.15596093155516,122.42393305230641,88.53306
2016-05-21 21:00:00,135.0,97.46163394267658,348.3333333333333,71.66666666666667,56.666666666666664,367.7034654024156,78.61412755539457,76.98009711818729,73.57815
2016-05-21 22:00:00,73.33333333333333,97.46163394267658,348.3333333333333,60.0,58.333333333333336,367.80279941302626,63.88504877158695,78.94997998768476,62.212418
2016-05-21 23:00:00,148.33333333333334,97.46163394267658,348.3333333333333,56.666666666666664,56.666666666666664,367.90213342363694,57.07172166386245,68.91956143700045,58.025047
2016-05-22 00:00:00,60.0,97.46163394267658,348.3333333333333,55.0,58.333333333333336,368.0014674342476,54.79812003313488,85.58957734461288,56.82865
2016-05-22 01:00:00,56.666666666666664,97.46163394267658,348.3333333333333,53.333333333333336,51.666666666666664,368.1008014448583,55.35781926034841,68.78496350208272,56.82865
2016-05-22 02:00:00,51.666666666666664,97.46163394267658,348.3333333333333,58.333333333333336,55.0,368.20013545546897,54.37289657789468,67.67714650151527,56.82865
2016-05-22 03:00:00,53.333333333333336,97.46163394267658,348.3333333333333,58.333333333333336,56.666666666666664,368.2994694660797,52.27638632383113,69.37291409873407,56.82865
2016-05-22 04:00:00,55.0,97.46163394267658,348.3333333333333,50.0,50.0,368.3988034766904,53.2274522241034,69.81863720874235,56.82865
2016-05-22 05:00:00,50.0,97.46163394267658,348.3333333333333,58.333333333333336,56.666666666666664,368.49813748730105,62.32414357740184,68.97719343748307,56.82865
2016-05-22 06:00:00,58.333333333333336,97.46163394267658,348.3333333333333,146.66666666666666,50.0,368.5974714979117,71.3752411680446,79.63729337086102,57.725945
2016-05-22 07:00:00,63.333333333333336,97.46163394267658,348.3333333333333,176.66666666666666,60.0,368.6968055085224,100.77415809609609,81.08384704058977,61.315125
2016-05-22 08:00:00,190.0,97.46163394267658,348.3333333333333,338.3333333333333,183.33333333333334,368.7961395191331,117.05878351083302,107.3436597934693,62.81062
2016-05-22 09:00:00,113.33333333333333,97.46163394267658,348.3333333333333,93.33333333333333,143.33333333333334,368.89547352974375,107.60921723062594,198.26194437109461,68.19438
2016-05-22 10:00:00,201.66666666666666,97.46163394267658,348.3333333333333,73.33333333333333,135.0,368.99480754035443,116.03563770587719,203.72132386077485,76.56913
2016-05-22 11:00:00,343.3333333333333,97.46163394267658,348.3333333333333,355.0,50.0,369.0941415509651,122.85054499333249,150.248447561607,76.56913
2016-05-22 12:00:00,126.66666666666667,97.46163394267658,348.3333333333333,301.6666666666667,56.666666666666664,369.1934755615758,118.36362467450657,193.88218504929395,74.77454
2016-05-22 13:00:00,103.33333333333333,97.46163394267658,348.3333333333333,268.3333333333333,56.666666666666664,369.29280957218646,112.58780297186148,180.20514747734984,73.27905
2016-05-22 14:00:00,106.66666666666667,97.46163394267658,348.3333333333333,318.3333333333333,56.666666666666664,369.39214358279713,110.46819067356186,160.1062999956113,72.97996
2016-05-22 15:00:00,96.66666666666667,97.46163394267658,348.3333333333333,201.66666666666666,50.0,369.4914775934078,106.41213873800102,144.0590510247506,72.97996
2016-05-22 16:00:00,88.33333333333333,97.46163394267658,348.3333333333333,351.6666666666667,55.0,369.5908116040185,135.1685431771112,132.16450339347574,73.57815
2016-05-22 17:00:00,265.0,97.46163394267658,348.3333333333333,231.66666666666666,56.666666666666664,369.69014561462916,189.51416814874472,139.03176215219065,84.94388
2016-05-22 18:00:00,120.0,97.46163394267658,348.3333333333333,348.3333333333333,50.0,369.78947962523984,184.21289094951146,127.23540377295032,84.94388
2016-05-22 19:00:00,96.66666666666667,97.46163394267658,348.3333333333333,123.33333333333333,60.0,369.8888136358505,130.64356777315595,140.11111261296296,85.542076
2016-05-22 20:00:00,116.66666666666667,97.46163394267658,348.3333333333333,100.0,78.33333333333333,369.9881476464612,115.7976371546273,123.03870119311779,88.23396
2016-05-22 21:00:00,88.33333333333333,97.46163394267658,348.3333333333333,71.66666666666667,63.333333333333336,370.08748165707186,81.11051210931457,102.65973947451445,72.97996
2016-05-22 22:00:00,78.33333333333333,97.46163394267658,348.3333333333333,60.0,58.333333333333336,370.18681566768254,65.2424733327867,88.0305042584232,62.212418
2016-05-22 23:00:00,60.0,97.46163394267658,348.3333333333333,56.666666666666664,53.333333333333336,370.2861496782932,56.91014776593711,107.07603829160256,58.025047
2016-05-23 00:00:00,58.333333333333336,97.46163394267658,348.3333333333333,55.0,55.0,370.38548368890395,53.46560714640303,71.9668106894273,56.82865
2016-05-23 01:00:00,51.666666666666664,97.46163394267658,348.3333333333333,53.333333333333336,58.333333333333336,370.4848176995146,53.6563082931751,65.80317186623117,56.82865
2016-05-23 02:00:00,58.333333333333336,97.46163394267658,348.3333333333333,58.333333333333336,55.0,370.5841517101253,53.358424115694504,69.13293510788202,56.82865
2016-05-23 03:00:00,51.666666666666664,97.46163394267658,348.3333333333333,58.333333333333336,53.333333333333336,370.683485720736,52.8617502453568,65.16946852867325,56.82865
2016-05-23 04:00:00,50.0,97.46163394267658,348.3333333333333,50.0,56.666666666666664,370.78281973134665,52.81255040396883,65.6669909636488,56.82865
2016-05-23 05:00:00,66.66666666666667,97.46163394267658,348.3333333333333,58.333333333333336,65.0,370.8821537419573,61.8728519779651,81.60300900936998,58.025047
2016-05-23 06:00:00,60.0,97.46163394267658,348.3333333333333,146.66666666666666,55.0,370.981487752568,71.3083778278486,96.22246739358778,59.819633
2016-05-23 07:00:00,56.666666666666664,97.46163394267658,348.3333333333333,176.66666666666666,56.666666666666664,371.0808217631787,98.20600677338444,97.22882895778477,61.016026
2016-05-23 08:00:00,51.666666666666664,97.46163394267658,348.3333333333333,338.3333333333333,61.666666666666664,371.18015577378935,114.29502344101216,111.74059893102304,59.819633
2016-05-23 09:00:00,55.0,97.46163394267658,348.3333333333333,93.33333333333333,66.66666666666667,371.2794897844,105.85833050013905,111.39377567888728,59.22144
2016-05-23 10:00:00,51.666666666666664,97.46163394267658,348.3333333333333,73.33333333333333,55.0,371.3788237950107,115.29481440819379,106.7724345357107,58.025047
2016-05-23 11:00:00,56.666666666666664,97.46163394267658,348.3333333333333,355.0,61.666666666666664,371.4781578056214,122.58540874041282,125.26832133822391,58.025047
2016-05-23 12:00:00,61.666666666666664,97.46163394267658,348.3333333333333,301.6666666666667,135.0,371.57749181623205,117.92300704836627,91.90410667820917,58.025047
2016-05-23 13:00:00,56.666666666666664,97.46163394267658,348.3333333333333,268.3333333333333,173.33333333333334,371.67682582684273,113.19507097031155,97.31043229355126,58.025047
2016-05-23 14:00:00,58.333333333333336,97.46163394267658,348.3333333333333,318.3333333333333,88.33333333333333,371.7761598374534,111.91921987230363,60.83025028350281,59.819633
2016-05-23 15:00:00,73.33333333333333,97.46163394267658,348.3333333333333,201.66666666666666,70.0,371.8754938480641,108.20787858973146,67.2008219156755,59.221436
2016-05-23 16:00:00,156.66666666666666,97.46163394267658,348.3333333333333,351.6666666666667,78.33333333333333,371.97482785867476,138.22130802998677,85.28501773713356,67.59618
2016-05-23 17:00:00,380.0,97.46163394267658,348.3333333333333,231.66666666666666,268.3333333333333,372.07416186928543,194.29165771176713,202.03409884244914,87.33667
2016-05-23 18:00:00,123.33333333333333,97.46163394267658,348.3333333333333,348.3333333333333,120.0,372.1734958798961,188.76655335828852,277.44467287353683,88.53306
2016-05-23 19:00:00,120.0,97.46163394267658,348.3333333333333,123.33333333333333,110.0,372.2728298905068,134.2854027225506,114.45509095719028,88.53306
2016-05-23 20:00:00,105.0,97.46163394267658,348.3333333333333,100.0,95.0,372.37216390111746,118.35456657177619,135.33995140952527,87.33667
2016-05-23 21:00:00,68.33333333333333,97.46163394267658,348.3333333333333,71.66666666666667,71.66666666666667,372.4714979117282,81.73721389446288,81.62370640080235,72.97996
2016-05-23 22:00:00,63.333333333333336,97.46163394267658,348.3333333333333,60.0,71.66666666666667,372.57083192233887,64.42170320847656,71.4873908337784,61.61422
2016-05-23 23:00:00,58.333333333333336,97.46163394267658,348.3333333333333,56.666666666666664,60.0,372.67016593294954,56.962631079859605,59.51956833470695,58.025047
2016-05-24 00:00:00,50.0,97.46163394267658,348.3333333333333,55.0,51.666666666666664,372.7694999435602,55.09966560300322,55.85865863782963,56.82865
2016-05-24 01:00:00,56.666666666666664,97.46163394267658,348.3333333333333,53.333333333333336,55.0,372.8688339541709,55.75442348648626,61.46725719999198,56.82865
2016-05-24 02:00:00,55.0,97.46163394267658,348.3333333333333,58.333333333333336,56.666666666666664,372.96816796478157,56.135807180643496,61.35327178104633,56.82865
2016-05-24 03:00:00,53.333333333333336,97.46163394267658,348.3333333333333,58.333333333333336,56.666666666666664,373.06750197539225,54.73737743723146,58.5801325293686,56.82865
2016-05-24 04:00:00,53.333333333333336,97.46163394267658,348.3333333333333,50.0,50.0,373.1668359860029,54.05207102486794,61.78295952043502,56.82865
2016-05-24 05:00:00,106.66666666666667,97.46163394267658,348.3333333333333,58.333333333333336,71.66666666666667,373.2661699966136,62.3525737233191,63.170443101659856,58.92234
2016-05-24 06:00:00,71.66666666666667,97.46163394267658,348.3333333333333,146.66666666666666,63.333333333333336,373.3655040072243,72.94115578879682,103.07009274989916,61.016026
2016-05-24 07:00:00,161.66666666666666,97.46163394267658,348.3333333333333,176.66666666666666,60.0,373.46483801783495,101.845674184676,159.11714592896473,61.61422
2016-05-24 08:00:00,56.666666666666664,97.46163394267658,348.3333333333333,338.3333333333333,56.666666666666664,373.5641720284456,117.79395708275855,109.84835208237119,59.819633
2016-05-24 09:00:00,38.333333333333336,97.46163394267658,348.3333333333333,93.33333333333333,55.0,373.6635060390563,107.86632176274634,102.05343505809192,58.025047
2016-05-24 10:00:00,66.66666666666667,97.46163394267658,348.3333333333333,73.33333333333333,53.333333333333336,373.762840049667,116.31171712661695,63.53692615359263,58.025047
2016-05-24 11:00:00,101.66666666666667,97.46163394267658,348.3333333333333,355.0,56.666666666666664,373.86217406027765,121.79192834229585,77.86489701709256,58.27866
2016-05-24 12:00:00,128.33333333333334,97.46163394267658,348.3333333333333,301.6666666666667,58.333333333333336,373.9615080708883,115.57434398226694,93.86334700991281,58.27866
2016-05-24 13:00:00,118.33333333333333,97.46163394267658,348.3333333333333,268.3333333333333,53.333333333333336,374.060842081499,112.30046830005412,98.0180174386574,58.27866
2016-05-24 14:00:00,150.0,97.46163394267658,348.3333333333333,318.3333333333333,53.333333333333336,374.1601760921097,110.97198193066102,110.97317765498391,59.9761
2016-05-24 15:00:00,141.66666666666666,97.46163394267658,348.3333333333333,201.66666666666666,56.666666666666664,374.25951010272036,104.93578184772768,149.1195899715175,59.9761
2016-05-24 16:00:00,141.66666666666666,97.46163394267658,348.3333333333333,351.6666666666667,63.333333333333336,374.35884411333103,134.1106763706547,157.82574017899773,67.33166
2016-05-24 17:00:00,203.33333333333334,97.46163394267658,348.3333333333333,231.66666666666666,126.66666666666667,374.4581781239417,190.02546222250183,200.02707648132932,87.135086
2016-05-24 18:00:00,136.66666666666666,97.46163394267658,348.3333333333333,348.3333333333333,101.66666666666667,374.55751213455244,185.89538594905528,190.34205410994085,88.26671
2016-05-24 19:00:00,123.33333333333333,97.46163394267658,348.3333333333333,123.33333333333333,105.0,374.6568461451631,133.7337460502876,121.29658851148585,88.26671
2016-05-24 20:00:00,96.66666666666667,97.46163394267658,348.3333333333333,100.0,95.0,374.7561801557738,117.2996198133472,105.05588894469831,87.7009
2016-05-24 21:00:00,76.66666666666667,97.46163394267658,348.3333333333333,71.66666666666667,68.33333333333333,374.85551416638447,80.90328334952027,82.02091989462014,72.98978
2016-05-24 22:00:00,61.666666666666664,97.46163394267658,348.3333333333333,60.0,58.333333333333336,374.95484817699514,65.48008452745427,70.05523538307354,61.673534
2016-05-24 23:00:00,58.333333333333336,97.46163394267658,348.3333333333333,56.666666666666664,56.666666666666664,375.0541821876058,56.07149996542054,60.38352932231026,57.995754
2016-05-25 00:00:00,53.333333333333336,97.46163394267658,348.3333333333333,55.0,51.666666666666664,375.1535161982165,52.11852746730497,54.8953133025148,56.581223
2016-05-25 01:00:00,53.333333333333336,97.46163394267658,348.3333333333333,53.333333333333336,56.666666666666664,375.25285020882717,51.731868278654574,55.64689010240863,56.581223
2016-05-25 02:00:00,56.666666666666664,97.46163394267658,348.3333333333333,58.333333333333336,56.666666666666664,375.35218421943785,50.826636258409934,58.32809007708498,56.581223
2016-05-25 03:00:00,48.333333333333336,97.46163394267658,348.3333333333333,58.333333333333336,53.333333333333336,375.4515182300485,50.0883508196285,60.88565311503891,56.581223
2016-05-25 04:00:00,55.0,97.46163394267658,348.3333333333333,50.0,51.666666666666664,375.5508522406592,50.12688300672204,56.62591573575698,56.581223
2016-05-25 05:00:00,55.0,97.46163394267658,348.3333333333333,58.333333333333336,68.33333333333333,375.6501862512699,59.005727191375016,95.03608287752961,59.410286
2016-05-25 06:00:00,55.0,97.46163394267658,348.3333333333333,146.66666666666666,110.0,375.74952026188055,68.82818810893454,71.4429334298956,61.107723
2016-05-25 07:00:00,65.0,97.46163394267658,348.3333333333333,176.66666666666666,76.66666666666667,375.8488542724912,97.35839996402775,88.76051879473285,61.673534
2016-05-25 08:00:00,83.33333333333333,97.46163394267658,348.3333333333333,338.3333333333333,161.66666666666666,375.9481882831019,114.28413542156726,95.17684335396835,59.9761
2016-05-25 09:00:00,90.0,97.46163394267658,348.3333333333333,93.33333333333333,65.0,376.0475222937126,105.01338833517586,112.73974146579839,58.27866
2016-05-25 10:00:00,78.33333333333333,97.46163394267658,348.3333333333333,73.33333333333333,63.333333333333336,376.14685630432325,112.67034133886195,101.78215636924355,58.27866
2016-05-25 11:00:00,50.0,97.46163394267658,348.3333333333333,355.0,55.0,376.2461903149339,117.60879803996137,101.5344758519329,57.71285
2016-05-25 12:00:00,60.0,97.46163394267658,348.3333333333333,301.6666666666667,56.666666666666664,376.3455243255446,112.02970122854641,71.46378164327785,57.71285
2016-05-25 13:00:00,71.66666666666667,97.46163394267658,348.3333333333333,268.3333333333333,73.33333333333333,376.4448583361553,107.03030904504142,71.77234299567198,57.995754
2016-05-25 14:00:00,80.0,97.46163394267658,348.3333333333333,318.3333333333333,80.0,376.54419234676595,104.54557245069505,94.73113955447289,59.69319
2016-05-25 15:00:00,80.0,97.46163394267658,348.3333333333333,201.66666666666666,76.66666666666667,376.6435263573767,99.64489872325478,91.37188701206829,59.9761
2016-05-25 16:00:00,231.66666666666666,97.46163394267658,348.3333333333333,351.6666666666667,75.0,376.74286036798736,126.98845498826073,97.48549878341628,67.33166
2016-05-25 17:00:00,118.33333333333333,97.46163394267658,348.3333333333333,231.66666666666666,91.66666666666667,376.84219437859804,181.93626999722125,148.52754573099492,87.135086
2016-05-25 18:00:00,156.66666666666666,97.46163394267658,348.3333333333333,348.3333333333333,101.66666666666667,376.9415283892087,178.46073840568116,163.81359779276795,88.26671
2016-05-25 19:00:00,118.33333333333333,97.46163394267658,348.3333333333333,123.33333333333333,95.0,377.0408623998194,124.21990334666853,100.17688688474405,88.26671
2016-05-25 20:00:00,190.0,97.46163394267658,348.3333333333333,100.0,85.0,377.14019641043006,110.30426003762842,104.62071802485644,87.9838
2016-05-25 21:00:00,56.666666666666664,97.46163394267658,348.3333333333333,71.66666666666667,61.666666666666664,377.23953042104074,77.37660544979187,87.16235677810486,73.55559
2016-05-25 22:00:00,53.333333333333336,97.46163394267658,348.3333333333333,60.0,55.0,377.3388644316514,63.248480122451596,39.45866715349286,61.673534
2016-05-25 23:00:00,53.333333333333336,97.46163394267658,348.3333333333333,56.666666666666664,56.666666666666664,377.4381984422621,56.26972768173992,45.40227553120099,58.27866
2016-05-26 00:00:00,53.333333333333336,97.46163394267658,348.3333333333333,55.0,56.666666666666664,377.53753245287277,52.35989617011073,50.08214190265247,56.581223
2016-05-26 01:00:00,55.0,97.46163394267658,348.3333333333333,53.333333333333336,56.666666666666664,377.63686646348344,51.92447659266432,51.25635601390959,56.581223
2016-05-26 02:00:00,50.0,97.46163394267658,348.3333333333333,58.333333333333336,56.666666666666664,377.7362004740941,50.874917731631,49.811800597393976,56.581223
2016-05-26 03:00:00,56.666666666666664,97.46163394267658,348.3333333333333,58.333333333333336,50.0,377.8355344847048,49.928452325417624,50.56294074378794,56.581223
2016-05-26 04:00:00,50.0,97.46163394267658,348.3333333333333,50.0,56.666666666666664,377.93486849531547,49.764266253620136,58.82820585096733,56.86413
2016-05-26 05:00:00,56.666666666666664,97.46163394267658,348.3333333333333,58.333333333333336,61.666666666666664,378.03420250592615,58.48229020135874,69.46120567805576,59.9761
2016-05-26 06:00:00,61.666666666666664,97.46163394267658,348.3333333333333,146.66666666666666,48.333333333333336,378.1335365165368,69.0491224804569,67.2165619938009,61.107723
2016-05-26 07:00:00,100.0,97.46163394267658,348.3333333333333,176.66666666666666,58.333333333333336,378.2328705271475,96.94921200487514,74.62741594420653,61.673534
2016-05-26 08:00:00,156.66666666666666,97.46163394267658,348.3333333333333,338.3333333333333,51.666666666666664,378.3322045377582,112.98014007023971,102.12685707736803,59.9761
2016-05-26 09:00:00,276.6666666666667,97.46163394267658,348.3333333333333,93.33333333333333,48.333333333333336,378.43153854836885,103.80170589249065,102.6467319872267,58.27866
2016-05-26 10:00:00,265.0,97.46163394267658,348.3333333333333,73.33333333333333,58.333333333333336,378.5308725589795,112.58872053202846,197.37111213454594,58.27866
2016-05-26 11:00:00,243.33333333333334,97.46163394267658,348.3333333333333,355.0,50.0,378.6302065695902,117.81979211647946,170.49545957951165,57.71285
2016-05-26 12:00:00,221.66666666666666,97.46163394267658,348.3333333333333,301.6666666666667,55.0,378.72954058020093,109.64279138434402,190.90640979078935,57.71285
2016-05-26 13:00:00,75.0,97.46163394267658,348.3333333333333,268.3333333333333,56.666666666666664,378.8288745908116,101.60792511483633,171.18234256777686,58.27866
2016-05-26 14:00:00,68.33333333333333,97.46163394267658,348.3333333333333,318.3333333333333,56.666666666666664,378.9282086014223,99.28934262661127,172.33427538037793,59.9761
2016-05-26 15:00:00,61.666666666666664,97.46163394267658,348.3333333333333,201.66666666666666,68.33333333333333,379.02754261203296,94.03702669179363,103.39540920740046,59.9761
2016-05-26 16:00:00,495.0,97.46163394267658,348.3333333333333,351.6666666666667,118.33333333333333,379.12687662264364,120.2811724511913,125.29606483004893,67.33166
2016-05-26 17:00:00,440.0,97.46163394267658,348.3333333333333,231.66666666666666,208.33333333333334,379.2262106332543,175.2448126105836,238.32707656736923,87.7009
2016-05-26 18:00:00,215.0,97.46163394267658,348.3333333333333,348.3333333333333,105.0,379.325544643865,172.54089514469234,243.3446287896229,88.26671
2016-05-26 19:00:00,223.33333333333334,97.46163394267658,348.3333333333333,123.33333333333333,123.33333333333333,379.42487865447566,122.33935884288778,245.74987749917366,88.26671
2016-05-26 20:00:00,91.66666666666667,97.46163394267658,348.3333333333333,100.0,100.0,379.52421266508634,109.6606707443323,236.9768128285572,87.7009
2016-05-26 21:00:00,76.66666666666667,97.46163394267658,348.3333333333333,71.66666666666667,71.66666666666667,379.623546675697,77.43227436563758,102.9737310592958,73.55559
2016-05-26 22:00:00,70.0,97.46163394267658,348.3333333333333,60.0,60.0,379.7228806863077,64.0976039010556,82.51073120878218,61.673534
2016-05-26 23:00:00,65.0,97.46163394267658,348.3333333333333,56.666666666666664,56.666666666666664,379.82221469691837,57.0021023698075,61.0768442267609,58.27866
2016-05-27 00:00:00,60.0,97.46163394267658,348.3333333333333,55.0,55.0,379.92154870752904,53.71233849675032,54.64263837195211,56.581223
2016-05-27 01:00:00,58.333333333333336,97.46163394267658,348.3333333333333,53.333333333333336,53.333333333333336,380.0208827181397,53.58770510182079,54.53213612546755,56.581223
2016-05-27 02:00:00,50.0,97.46163394267658,348.3333333333333,58.333333333333336,58.333333333333336,380.1202167287504,53.00218561892984,52.49597301405491,56.581223
2016-05-27 03:00:00,58.333333333333336,97.46163394267658,348.3333333333333,58.333333333333336,58.333333333333336,380.21955073936107,52.72757084821548,55.223788938284784,56.41297
2016-05-27 04:00:00,58.333333333333336,97.46163394267658,348.3333333333333,50.0,50.0,380.31888474997174,53.64321152071929,56.7033804573469,56.41297
2016-05-27 05:00:00,58.333333333333336,97.46163394267658,348.3333333333333,58.333333333333336,58.333333333333336,380.4182187605824,61.51626531544068,64.79025391401059,59.178314
2016-05-27 06:00:00,63.333333333333336,97.46163394267658,348.3333333333333,146.66666666666666,146.66666666666666,380.5175527711931,71.32432491590777,70.27001042006474,60.837517
2016-05-27 07:00:00,111.66666666666667,97.46163394267658,348.3333333333333,176.66666666666666,176.66666666666666,380.61688678180377,98.89650273316254,120.31711927403889,61.943653
2016-05-27 08:00:00,130.0,97.46163394267658,348.3333333333333,338.3333333333333,338.3333333333333,380.71622079241445,115.78463201439362,150.07145767223673,59.731384
2016-05-27 09:00:00,251.66666666666666,97.46163394267658,348.3333333333333,93.33333333333333,93.33333333333333,380.8155548030252,106.02336915563407,155.20080018277693,58.072178
2016-05-27 10:00:00,251.66666666666666,97.46163394267658,348.3333333333333,73.33333333333333,73.33333333333333,380.9148888136358,113.37044946914077,177.62418725728838,58.072178
2016-05-27 11:00:00,310.0,97.46163394267658,348.3333333333333,355.0,355.0,381.01422282424653,118.78531775766608,183.04765193656928,58.072178
2016-05-27 12:00:00,185.0,97.46163394267658,348.3333333333333,301.6666666666667,301.6666666666667,381.1135568348572,111.4673708731357,166.84704920744403,58.072178
2016-05-27 13:00:00,265.0,97.46163394267658,348.3333333333333,268.3333333333333,268.3333333333333,381.2128908454679,106.48383882977774,187.5600021961005,58.072178
2016-05-27 14:00:00,101.66666666666667,97.46163394267658,348.3333333333333,318.3333333333333,318.3333333333333,381.31222485607856,104.55619287101649,173.811964498336,59.731384
2016-05-27 15:00:00,76.66666666666667,97.46163394267658,348.3333333333333,201.66666666666666,201.66666666666666,381.41155886668923,98.60933125263153,183.2447783815172,59.731384
2016-05-27 16:00:00,135.0,97.46163394267658,348.3333333333333,351.6666666666667,351.6666666666667,381.5108928772999,127.42199552964611,113.70414562322446,66.92127
2016-05-27 17:00:00,180.0,97.46163394267658,348.3333333333333,231.66666666666666,231.66666666666666,381.6102268879106,184.4740791133681,154.68364397577866,85.17252
2016-05-27 18:00:00,430.0,97.46163394267658,348.3333333333333,348.3333333333333,348.3333333333333,381.70956089852126,180.44833814768052,223.283823403927,88.49093
